"RaceYearId","Event","Race","City","Country","Date","StartTime","Participation","Distance","ElevationGain","ElevationLoss","AidStations","Participants","lat","lon"
68140,"Peak District Ultras","Millstone 100","Castleton","United Kingdom","2021-09-03","19:00:00","solo",166.9,4520,-4520,10,150,53.3436814,-1.7765105
72496,"UTMB®","UTMB®","Chamonix","France","2021-08-27","17:00:00","Solo",170.7,9930,-9930,11,2300,45.923697,6.869433
69855,"Grand Raid des Pyrénées","Ultra Tour 160","vielle-Aure","France","2021-08-20","05:00:00","solo",167,9980,-9980,13,600,42.830382,0.325556
67856,"Persenk Ultra","PERSENK ULTRA","Asenovgrad","Bulgaria","2021-08-20","18:00:00","solo",164,7490,-7500,13,150,42.0133722,24.8784393
70469,"Runfire Salt Lake Ultra","100 Mile","ulukisla","Turkey","2021-08-20","18:00:00","solo",159.9,100,-100,12,0,37.546546,34.484256
66887,"Swiss Alps 100","160KM","Münster","Switzerland","2021-08-15","17:00:00","solo",159.9,9850,-9850,15,300,46.4864707,8.263164
67851,"Salomon Rondane 100","Salomon Rondane 100","Folldal","Norway","2021-08-14","07:00:00","solo",163.8,5460,-5460,5,0,62.1324425,9.9967889
68241,"Ultra Trail des Sources","160KM","Spa","Belgium","2021-08-14","07:00:00","solo",163.9,4630,-4660,8,200,50.49243,5.86432
70241,"Québec Mega Trail (QMT)","QMT-100-MILE","Beaupre","Canada","2021-08-13","22:00:00","solo",158.9,6410,-6240,13,120,47.048736,-70.887625
69945,"Bunketorp Backyard Ultra Trail","BBUT - 24 loops","LINDOME","Sweden","2021-08-07","10:00:00","solo",163.7,3100,-3100,23,100,57.5755218,12.0783006
67218,"Centurion North Downs Way 100","Centurion North Downs Way 100","farnham","United Kingdom","2021-08-07","06:00:00","solo",165.2,3130,-3170,13,300,51.214321,-0.798802
65713,"Beacons 50 & Beacons 100","Beacons 100","Brecon","United Kingdom","2021-08-06","20:00:00","Solo",164.8,7050,-7050,5,50,51.9489469,-3.391463
66425,"Iznik Ultra","160 K","Iznik","Turkey","2021-08-06","18:00:00","solo",149.4,2930,-3040,12,100,40.429524,29.719743
66003,"KAT100","KAT100miles","Fieberbrunn","Austria","2021-08-05","18:00:00","solo",173.9,9980,-9980,15,170,47.47559,12.5457457
71873,"Alpindustria Elbrus Race","ElbrusWorldRace","Terskol","Russia","2021-07-30","00:00:00","Solo",169.9,9010,-9010,0,120,43.2571143,42.513998
69219,"Burning River Endurance Run","Burning River 100 Mile","Hudson","United States","2021-07-24","04:00:00","solo",163.7,2700,-2700,14,250,42.2528649,-73.790959
68455,"The Gax 100 miles","The Gax 100 miles","Ystad","Sweden","2021-07-24","00:00:00","solo",162.3,1510,-1510,3,75,55.4295051,13.8200308
68575,"Terres Monviso","100 Miglia Monviso","Saluzzo","Italy","2021-07-23","21:00:00","solo",168.8,8380,-8380,17,300,44.6445404,7.4927355
67244,"Tahoe Rim Trail Endurance Runs 100M/50M/55K","100 Mile","Carsoncity","United States","2021-07-17","05:00:00","solo",161.1,6170,-6160,7,300,39.1637984,-119.7674034
68776,"Ultra Tour des 4 Massifs","Ut4M 160 Xtrem","Grenoble","France","2021-07-16","18:00:00","Solo",179.1,11290,-11350,17,0,45.188529,5.724524
67515,"Brisbane Trail Ultra","Brisbane Trail Ultra 100 mile","Brisbane","Australia","2021-07-10","02:00:00","solo",160.5,7580,-7610,7,50,-27.4704528,153.0260341
70168,"Centurion Wendover Woods 100","Wendover Woods 100","Wendover","United Kingdom","2021-07-09","08:00:00","solo",168,6610,-6600,19,120,51.761877,-0.739779
67118,"Elephant Trail Race","160 Km (100 Mile)","PortMacquarie","Australia","2021-07-09","20:00:00","solo",163.2,8650,-8630,13,100,-31.433333,152.9
67402,"NUTS Ylläs Pallas","160K","Äkäslompolo","Finland","2021-07-09","12:00:00","solo",164.3,4020,-4100,8,250,67.6039044,24.1567316
71066,"ULTRA 01","Ultra 01 170 KM","Oyonnax","France","2021-07-09","18:00:00","solo",174.9,7590,-7590,15,500,46.257773,5.655335
64191,"Val d’Aran by UTMB®","VDA","Vielha","Spain","2021-07-09","18:00:00","solo",162.9,10690,-10690,14,1500,42.7245643,0.7722974
69065,"Austria Backyard Ultra","24 LOOPS","Frankenmarkt","Austria","2021-07-03","09:00:00","solo",160.7,2570,-2570,24,200,47.9857697,13.4224
68416,"Western States Endurance Run","Western States Endurance Run","Auburn","United States","2021-06-26","05:00:00","solo",161,5850,-7360,20,369,32.6098566,-85.4807825
69919,"Jurassic Coast 100","Jurassic Coast 100M","Swanage","United Kingdom","2021-06-19","08:00:00","solo",168.2,4740,-4680,9,100,50.608277,-1.960769
68874,"Mohican 100 Trail Run","Mohican 100 Mile Trail Run","Loudonville","United States","2021-06-19","05:00:00","solo",158.9,3700,-3700,19,0,40.6353382,-82.2332144
68354,"Ultra Trail Gaspesia 100","100 miles","Percé","Canada","2021-06-19","05:00:00","solo",159,4130,-4130,21,40,47.1740891,-71.3677271
71777,"Oh Meu Deus","100 Milhas OMD","Seia","Portugal","2021-06-11","16:00:00","solo",159.2,7330,-7330,9,85,40.4161238,-7.7088512
69315,"Salomon Hengill Ultra-Trail ©","100miles","Hveragerdi","Iceland","2021-06-04","14:00:00","solo",161.7,5530,-5550,10,200,63.9994548,-21.1797206
64849,"The Arctic Triple Lofoten Ultra-Trail®","100 Miles","SVOLVÆR","Norway","2021-06-04","12:00:00","solo",165,7046,-7047,10,150,68.2343088,14.5682237
69395,"TransPenedaGerês","TPG 168k Race of the 4 Castles","Melgaço","Portugal","2021-06-03","16:00:00","solo",166.2,9360,-8540,6,0,40.7299182,-73.993174
63925,"Chester Ultra 50","Chester Ultra 100","chester","United Kingdom","2021-05-29","06:00:00","solo",167,1540,-1550,10,150,53.193392,-2.893075
67033,"Grand Trail Des Lacs Et Chateaux (GTLC)","GT160","Waimes","Belgium","2021-05-29","04:00:00","solo",165.3,6200,-6200,0,200,50.4148914,6.1115604
71209,"WHW & Ben Nevis Race","WHW & Ben Nevis Race","FortWilliam","United Kingdom","2021-05-29","11:00:00","solo",165.4,5110,-5080,9,30,56.819817,-5.1052179
66105,"Bryce Canyon","Bryce Canyon 100 Mile","Hatch","United States","2021-05-28","05:00:00","solo",157.1,4310,-4310,15,300,39.8559883,-122.6530548
66840,"Festiwal Biegowy ULTRA WAY","PORANEK NA PLAZY 160 km+","Rumia","Poland","2021-05-28","12:00:00","solo",163.3,3020,-3030,7,200,54.5626002,18.3935435
67410,"NUTS Karhunkierros","166K","Kuusamo","Finland","2021-05-28","14:00:00","solo",169.6,3910,-3940,7,250,65.9645876,29.1886651
68605,"Soria Moria til Verdens Ende","Soria Moria til Verdens Ende","VerdensEnde","Norway","2021-05-22","10:00:00","solo",163,4230,-4310,6,150,59.058307,10.4071349
71293,"Mac Mac Ultra","100m","Pretoria","South Africa","2021-05-21","12:00:00","solo",156.8,6300,-6540,14,0,-25.7478676,28.2292712
65183,"Ultra-Trail® Malopolska","UTM 170","KasinkaMala","Poland","2021-05-21","17:00:00","solo",171.8,8640,-8640,8,50,49.7034274,20.0350091
64771,"The Old Forest Hanmer 100","100mile","HanmerSprings","New Zealand","2021-05-14","10:00:00","solo",0,0,0,16,0,-42.5255877,172.8289005
66949,"Aktivitus Trailrace","Ultra-Trail®","Jonsered","Sweden","2021-05-13","20:00:00","solo",169.2,4060,-4060,9,50,57.7455944,12.1739021
67422,"Centurion Thames Path 100","Centurion Thames Path 100","London","United Kingdom","2021-05-08","09:00:00","solo",161.3,3210,-3160,13,300,51.5072178,-0.1275862
70708,"Hubert 100","Hubert 100M","Hawker","Australia","2021-05-08","10:00:00","solo",157.7,2430,-2430,8,150,-31.8873986,138.4227145
67736,"The Dales High Way","Dales High Way + High Cup Nick","Saltaire","United Kingdom","2021-05-08","08:30:00","solo",166.2,4430,-4380,8,200,53.8382402,-1.7896135
68042,"Gulag-100","Gulag-100","Litochoro","Greece","2021-05-07","12:00:00","solo",167.1,14260,-14260,4,40,40.1029473,22.5026117
70440,"100 miles of Beskid Wyspowy","100 miles of Beskid Wyspowy","Zalesie","Poland","2021-05-01","06:00:00","solo",164.5,6610,-6620,8,100,50.3093152,16.5853745
70255,"Bó Trail","Bó Trail 170K","yibin","China","2021-05-01","09:00:00","solo",161.7,8440,-8440,13,100,28.751836,104.643159
69334,"Yarikan100","Yarikan100","Ishikawa","Japan","2021-05-01","06:00:00","solo",164.7,8700,-8700,22,50,36.3260317,136.5289653
71184,"Sengenyama 100","4th Sengenyama 100 (mile)","Hayama","Japan","2021-04-24","05:00:00","solo",166.4,6110,-6110,8,50,35.2720328,139.5861763
70681,"Mt. Fuji 100 Mile Challenge","100 mile","Fuji","Japan","2021-04-23","11:00:00","solo",161.9,7340,-7380,4,80,38.5852312,-92.2520081
71704,"Tamba 100 Adventure Trail","Tamba 100 Adventure Trail","Tamba","Japan","2021-04-23","06:00:00","solo",162.7,9200,-9200,13,100,35.177132,135.0358419
69319,"Ultra-Trail® Drakensberg","UTD 160","Underberg","South Africa","2021-04-23","10:00:00","solo",171.6,5160,-6500,12,0,-29.7928766,29.4918178
69523,"Jiangnan 100 Mile","100Mile","Ningbo","China","2021-04-16","14:00:00","solo",161,7060,-7060,13,150,29.868336,121.54399
65403,"Zion","Zion 100","Virgin","United States","2021-04-10","05:00:00","solo",160.8,2830,-2880,15,250,35.953292,-116.5867039
68615,"Patagonia Run","100 Miles","SanMartinDeLosAndes","Argentina","2021-04-09","10:00:00","solo",163.7,8140,-8140,15,280,-40.1572103,-71.3524436
69758,"Ultra Trail Jinan","168km","jinan","China","2021-04-09","16:00:00","solo",161.5,10810,-10790,16,100,36.6512,117.120095
70118,"QLG168","QLG168","QUZHOU","China","2021-04-02","16:30:00","solo",168,10740,-10740,10,10,28.970079,118.859457
71992,"Antelope Island Buffalo Run","100 mile","Syracuse","United States","2021-03-26","10:00:00","Solo",162,2200,-2200,16,400,43.0481221,-76.1474244
68098,"Kullamannen 2021 Covid-19","Kullamannen 100 miles","Kullaberg","Sweden","2021-03-26","09:00:00","solo",163.6,1910,-1930,4,600,56.2959044,12.4682503
71140,"Northburn 100 Miler","100 Mile","Cromwell","New Zealand","2021-03-20","06:00:00","solo",161.4,9460,-9470,12,50,-45.0459401,169.1955689
68348,"UTTGN Sport HG | TARRAGONA","Gran Trail Catalunya","Tarragona","Spain","2021-03-05","22:00:00","solo",169.8,5160,-5160,13,50,41.1188827,1.2444909
64671,"Victoria 162","V162 Virtual","HongKong","Hong Kong, China","2021-02-27","00:00:00","solo",166.7,7700,-7700,0,200,22.3193039,114.1693611
68501,"Storstenshöjden 100 miles","Storstenshöjden 100 miles","Örebro","Sweden","2021-02-19","06:00:00","solo",168.4,11550,-11530,0,50,59.2752626,15.2134105
64219,"Tarawera Ultramarathon","100 Miler","Rotorua","New Zealand","2021-02-13","04:00:00","solo",165.4,5510,-5520,14,300,-38.1445987,176.2377669
65413,"HOKA ONE ONE Rocky Raccoon","100 Mile","Huntsville","United States","2021-02-06","06:00:00","solo",160.9,2200,-2200,19,500,34.7303688,-86.5861037
69001,"Coldwater Rumble","100 Miles","Goodyear","United States","2021-01-16","07:00:00","solo",161.8,2660,-2670,16,600,33.4353394,-112.3576567
68010,"UTCL100","UTCL 100 Miles","Bogor","Indonesia","2021-01-09","06:00:00","solo",161,6420,-6410,18,30,-6.5971469,106.8060388
67526,"UTSZ 2020 Trail Races","UTSZ 100 miles","Shenzhen","China","2020-12-26","04:30:00","solo",162.6,6610,-6630,8,50,22.543096,114.057865
68562,"Run Guizhou League Finals","Luodian168KM","Luodian","China","2020-12-25","14:00:00","solo",167.7,9770,-9770,15,50,31.395154,121.355857
64575,"Mad Fox Ultra Rise","Valhalla Race","PereslavlZalesskiy","Russia","2020-12-19","16:00:00","solo",167.5,1200,-1200,10,150,56.747048,38.8902603
68007,"Falls 100 Ultra Trail Race","Falls 100 - 100 Mile","FallsofRough","United States","2020-12-05","07:00:00","solo",164.5,4310,-4310,24,250,37.5900543,-86.5488713
58877,"Blood Rock 100 Mile Endurance Trail Race","100 Mile","Pelham","United States","2020-12-04","12:00:00","solo",161.9,7610,-7610,16,200,33.2856687,-86.8099885
67289,"Sky Ultra Pico Mx","SKY ULTRA PICO MX 100M","ORIZABA","Mexico","2020-12-04","00:01:00","solo",160.2,8660,-8660,15,75,18.8504744,-97.1036396
67634,"Ultra Trail Three Gorges","UTTG","Yichang","China","2020-11-26","18:00:00","solo",170.8,10470,-10320,13,200,30.691966,111.286471
56323,"Best of San Diego 100 Miler","100 Miler","SanDiego","United States","2020-11-21","05:00:00","solo",160.9,2590,-2590,5,0,32.715738,-117.1610838
64481,"Panda Trail by UTMB®","DPT","Dujiangyan","China","2020-11-20","18:00:00","solo",157.8,9280,-9280,12,0,30.988434,103.646912
59437,"Pinhoti 100","Pinhoti 100","Sylacauga","United States","2020-11-07","07:00:00","solo",155,4060,-4180,17,250,33.1731716,-86.2516406
62737,"Rim to River Endurance Company","Rim to River 100","OakHill","United States","2020-11-07","06:30:00","solo",160.9,3760,-3750,8,250,40.5796477,-85.8208108
69754,"Tunnel Hill  100 & 50 mile runs","100mi","Vienna","United States","2020-11-07","07:00:00","solo",161.4,1690,-1690,21,0,38.9012225,-77.2652604
67282,"Pong Yaeng Trail","Pong Yaeng Trail 166","ChiangMai","Thailand","2020-11-06","10:00:00","solo",167.5,8280,-8060,14,200,18.7883439,98.9853008
59805,"Javelina Jundred","100 Miles","FortMcDowell","United States","2020-10-31","06:00:00","solo",160.5,1720,-1720,26,800,33.6367105,-111.6745826
67406,"Halloween hike","160 km","Kannonkoski","Finland","2020-10-30","19:00:00","solo",160.3,2110,-2110,5,0,62.9757941,25.2613027
62531,"THAILAND BY UTMB","Inthanon 6","ChomThong","Thailand","2020-10-30","10:00:00","solo",159.6,7340,-7340,15,500,18.4204633,98.6724282
62021,"Cactus Rose","100 Mile","Bandera","United States","2020-10-24","05:00:00","solo",162.4,3500,-3500,20,550,29.7266131,-99.0736462
62193,"Cloudsplitter 100","100 Mile","Norton","United States","2020-10-17","08:00:00","solo",157.5,5610,-5610,16,100,39.7959566,-99.9912254
67914,"Shanhaiguan Trail Race","168K","qinhuangdao","China","2020-10-17","04:00:00","solo",162,9320,-9070,14,100,39.935361,119.600523
56017,"Mines of Spain","100 Mile","Davenport","United States","2020-10-16","08:00:00","solo",167.5,4310,-4320,19,0,41.5236437,-90.5776367
51397,"Bèrghem Ultra","Åkersætra 666 m.o.h.","Hamar","Norway","2020-10-10","08:00:00","solo",163.2,2970,-3360,0,50,60.7945331,11.0679977
56693,"Centurion Autumn 100","Centurion Autumn 100","GoringOnThames","United Kingdom","2020-10-10","09:00:00","solo",161.5,2060,-2060,16,250,51.5227526,-1.1333445
58579,"Midstate Massive Ultra Trail","Midstate Massive Ultra Trail","NewIpswitch","United States","2020-10-10","00:00:00","solo",163.6,3720,-3980,16,125,42.7362307,-71.8808499
49589,"Täby Extreme Challenge","TEC 100 Miles","Täby","Sweden","2020-10-08","10:00:00","solo",160.7,1610,-1610,13,180,39.6823737,-75.5455018
54013,"SPARNATRAIL","P'tiot Sparnatrail","EPERNAY","France","2019-11-10","07:45:00","solo",33.3,750,-750,1,1800,49.043411,3.956242
66483,"Mt. Wumeng Ultra Trail","KINETIK 165K","Zhaotong","China","2020-10-02","19:00:00","solo",164.1,7440,-7090,13,80,27.338257,103.717465
62347,"North Coast 100","North Coast 110M","Barnstaple","United Kingdom","2020-10-02","07:00:00","solo",174.5,5570,-5540,8,50,51.0781599,-4.058338
60243,"Schinder-Trail Backyard Ultra","23 Loops","Rettert","Germany","2020-10-02","20:00:00","solo",157.2,3060,-3060,23,200,50.2314587,7.9382509
61189,"Spain Backyard Ultra","Spain Backyard Ultra  24 Loops","CastroCaldelas","Spain","2020-09-26","10:00:00","solo",161.1,6890,-6890,23,150,42.3745086,-7.4148708
59557,"BEAR 100","Bear 100 Endurance Trail Race","Smithfield","United States","2020-09-25","06:00:00","solo",162.7,6460,-6130,13,300,36.9823709,-76.6310662
66321,"Cold Hawaii Ultra","Cold Hawaii Ultra 100 miles","Thisted","Denmark","2020-09-25","18:00:00","solo",162.6,2000,-2010,6,50,56.959168,8.7034921
65591,"Mossarun","Mossarun 2020, 24h/100 miles","Älmhult","Sweden","2020-09-19","12:00:00","solo",171.8,3940,-3950,0,50,56.5524461,14.1374047
59995,"Sangre de Cristo Ultras","100-Mile","Westcliffe","United States","2020-09-19","04:00:00","solo",168.2,5910,-5910,13,300,38.1347219,-105.4658353
50041,"Dragon 100","Dragon 100","Cardiff","United Kingdom","2020-09-12","18:00:00","solo",165,3560,-3550,11,200,51.481581,-3.17909
53559,"GUUT100+","GUUT100MILES+","Gentofte","Denmark","2020-09-12","09:00:00","Solo",167.4,1610,-1620,1,20,55.75311,12.5386957
67713,"Pine creek challenge","100Miles","Wellsboro","PA, United States","2020-09-12","00:00:00","solo",0,0,0,0,0,41.7486838,-77.3005304
53999,"SwissPeaks Trail","170","LeBouveret","Switzerland","2020-09-03","10:00:00","solo",167,11140,-12910,15,400,46.3852842,6.8530962
65665,"Columbia Sanfo Ultra 168-Chongli","UTC","Chongli","China","2020-08-14","17:00:00","solo",161.1,7370,-7370,15,600,40.974675,115.282668
55265,"Sport-Marafon Trail","165 km","Nikola-Lenivets","Russia","2020-08-09","21:00:00","solo",162.5,1450,-1450,13,0,54.7518533,35.5998007
53939,"Halland Ultra-Beach","100 miles","Göteborg","Sweden","2020-08-08","12:00:00","solo",161.7,1740,-1750,2,50,32.1656221,-82.9000751
66836,"INNER MONGOLIA ULTRA MARATHON","Laoniuwan 168km","Hohhot","China","2020-08-08","07:40:00","solo",165.2,4600,-4600,15,100,40.842356,111.749995
51777,"Chiemgauer 100","100 Mile","Bergen","Germany","2020-07-31","13:00:00","Solo",0,0,0,9,150,52.8092281,9.9641638
50051,"Infinity Trail Backyard - Normandie","Infinity Trail - 23 boucles","PAVILLY","France","2020-07-31","14:00:00","solo",155.3,5160,-5160,1,80,49.572372,0.949614
66413,"Palisades Ultra Trail Series","Moose 100 Mile","Irwin","United States","2020-07-17","05:00:00","solo",0,0,0,14,0,40.3245138,-79.7011549
60049,"Silverheels 100-Mile Endurance Run","100 Mile","Fairplay","United States","2020-07-11","04:00:00","solo",166.7,4650,-4650,24,200,39.2247125,-106.0019618
62705,"Huanglong Extreme Endunrance Race","QZG+UTHL100","???","China","2020-07-03","06:00:00","relay",159.8,7700,-8200,10,0,35.86166,104.195397
49345,"Antelope Canyon","100 Mile","Page","United States","2020-03-14","06:00:00","solo",159.4,1850,-1850,10,300,36.9147222,-111.4558333
53633,"Borneo Ultra-Trail® Marathon","100 Miles","KotaKinabalu","Malaysia","2020-03-14","06:00:00","solo",161,7620,-7620,16,300,5.980408,116.0734568
61149,"Addo Elephant Trail Run","100 Mile","Addo","South Africa","2020-03-13","14:00:00","solo",161.2,5640,-5130,16,100,-33.5267165,25.7116584
52827,"100 MILLAS® SIERRAS DEL BANDOLERO","100 Millas","PradodelRey","Spain","2020-03-06","18:00:00","solo",161.1,6170,-6170,14,500,36.7882576,-5.5577902
63235,"Chattanooga 100 Mile Trail Race","Chattanooga 100 Mile Trail Race","RisingFawn","United States","2020-03-06","00:00:00","solo",158.1,3770,-3770,14,250,34.7600791,-85.531076
57473,"Les Traces du Nord Basse-Terre","L'Ultra-Trail®","Petit-Bourg","France","2020-02-28","18:30:00","solo",161.4,6240,-6240,14,400,44.775483,-0.117283
51649,"Ultra-Trail® Of Taiwan 100 miles","100 miles","???","Taiwan","2020-02-28","02:00:00","solo",158.6,7830,-7830,10,10,23.69781,120.960515
59053,"Lone Star 100","100M","ElPaso","United States","2020-02-08","05:00:00","solo",158.6,5930,-5850,9,0,31.7618778,-106.4850217
51945,"Tjörnarparen - Trail Ultra","100 miles","TJÖRNARP","Sweden","2020-02-08","09:00:00","solo",162.1,2300,-2330,9,50,55.9961699,13.6282372
57191,"Grandmaster Ultras","100 miler","Littlefield","United States","2020-02-07","08:00:00","solo",158.6,1730,-1730,14,0,33.9173148,-102.3249022
61175,"Orcas Island 100 Mile","Orcas Island 100 Mile","Olga","United States","2020-02-07","08:00:00","solo",163.5,7570,-7570,19,90,48.6195479,-122.8354591
53283,"LE DERNIER HOMME DEBOUT MORVAN","24 Boucles","Chateau-Chinon","France","2020-01-25","11:50:00","solo",169.9,5740,-5740,1,350,47.0569552,3.9244916
60495,"MONTANE® Spine® Races","MONTANE® Spine® Challenger","Edale","United Kingdom","2020-01-11","08:00:00","solo",174.2,4770,-4770,4,125,53.3672793,-1.8157636
44291,"S1 Trail La Corsa Della Bora","Ultra","TRIESTE","Italy","2020-01-04","06:00:00","solo",166.3,6750,-7110,9,150,45.6495264,13.7768182
45417,"UTSZ Trail Races","100Miles","shenzhen","China","2019-12-21","04:30:00","solo",166.6,8110,-8120,16,100,22.543096,114.057865
65861,"Loup Garou 100 Mile Trail Run","100M","VillePlatte","LA, United States","2019-12-14","00:00:00","solo",0,0,0,0,0,30.6879749,-92.2715157
58259,"La Misión  - VLA - Argentina","La Misión 160 VLA -","VillalaAngostura","Argentina","2019-12-12","09:00:00","solo",163.3,7240,-7240,1,100,-40.7627426,-71.6417984
43585,"Brazos Bend 100","100M","Needville","United States","2019-12-07","06:00:00","solo",162.3,2730,-2720,6,0,29.3994101,-95.8377297
43795,"Exodus Ultra Marathon","Exodus","Llanfechain","United Kingdom","2019-12-06","19:00:00","solo",170,6550,-6540,3,50,52.77471,-3.2045228
42239,"Ultra-Trail® Panoramic","100Miles","AmphurMuang","Thailand","2019-12-06","16:00:00","solo",157,6040,-6050,15,300,13.8649215,99.5896043
48423,"HK168","Full168","TaiMeiTuk","Hong Kong, China","2019-11-29","15:00:00","solo",168.8,10400,-10400,14,400,22.4728367,114.232961
47165,"Oman by UTMB","170km","Muscat","Oman","2019-11-28","19:30:00","solo",170.9,10570,-10490,25,100,23.5880307,58.3828717
30267,"Alpine Challenge","100 Mile Individual","BerrysCreek","Australia","2019-11-23","04:30:00","solo",155.3,6450,-6450,4,100,-38.41889,146.080755
46539,"Oman Desert Marathon","Oman Desert Marathon","Bidiyah","Oman","2019-11-16","06:30:00","solo",163,3120,-3590,13,99,22.4428429,58.8003292
46657,"Bhatti Lakes Ultra","160 Km","Faridabad","India","2019-11-08","14:00:00","solo",160.7,960,-960,0,20,28.4089123,77.3177894
58289,"Ozark Trail 100 Mile Endurance Run","100 Mi","Shawnee","United States","2019-11-02","06:00:00","solo",0,0,0,13,56,39.0228485,-94.7151865
52353,"GRAN VUELTA VALLE DEL GENAL","100 millas Valle del Genal","BENARRABA","Spain","2019-10-25","21:00:00","solo",162,7400,-7400,20,220,36.550621,-5.2759536
46241,"Jordan Running Adventure Race","165 km non stop","WadiRum","Jordan","2019-10-24","06:30:00","solo",165.2,2790,-2560,0,20,29.5742989,35.4210371
56729,"Rodopi Ultra Trail","Rodopi Advendurun","Haidou","Greece","2019-10-18","06:00:00","solo",162.9,6910,-6910,6,200,34.6413095,-82.7894556
48019,"Le Grand Raid De La Réunion","La Diagonale Des Fous","SaintDenis","France","2019-10-17","22:00:00","solo",168.1,9610,-9560,15,2900,48.936181,2.357443
50683,"Crimea X Run","Stage Race","Yalta","Ukraine","2019-10-16","10:00:00","solo",169.1,8310,-8140,11,200,44.4909462,34.1532687
52399,"Ultra Trails Lake Tahoe","100 Mile","Truckee","United States","2019-10-13","05:30:00","solo",159.2,6590,-6590,20,100,39.327962,-120.1832533
46617,"Bromont Ultra","160km","Bromont","Canada","2019-10-12","07:00:00","solo",155.6,6220,-6220,17,0,45.2852479,-72.6872419
39531,"Hume And Hovell Ultra","100 Mile","Tumbarumba","Australia","2019-10-12","06:00:00","solo",163.1,4610,-4600,10,100,-35.7694861,148.0057003
41175,"INDIANA TRAIL 100","100 mi","Albion","United States","2019-10-12","06:00:00","solo",162.4,3480,-3460,5,250,42.243097,-84.7530304
45287,"Markotkh - R","100 miles - Solo","Novorossiysk","Russia","2019-10-12","12:00:00","solo",162.7,6910,-6910,34,100,44.7180464,37.7770117
47571,"Snowdon Ultra","Snowdon Ultra 100","BetwsyCoed","United Kingdom","2019-10-12","06:00:00","solo",163.5,7600,-7600,13,100,53.0930858,-3.8010354
54421,"The Cederberg Traverse","100 Mile","Cederberg","South Africa","2019-10-11","06:00:00","solo",163,6500,-6500,5,50,-32.5891202,19.0118251
52435,"The North Face Endurance Challenge Chile","160 Km","Huechuraba","Chile","2019-10-11","17:00:00","solo",163.9,8220,-9860,16,100,-33.3742128,-70.6367425
50011,"ULTRA DE ULTRAS","170 Km ULTRA DE ULTRAS","CUNDINAMARCA","Colombia","2019-10-11","20:00:00","solo",170,9910,-9910,14,50,5.026003,-74.0300122
52499,"Virgin Forest Trail","Ultra-Trail®","PARANESTI","Greece","2019-10-11","00:00:00","solo",163.9,7260,-7260,15,150,41.267032,24.5008777
42707,"100 Miles Sud De France","100 Miles","bolquere","France","2019-10-04","10:00:00","solo",172.5,8420,-10160,15,500,42.502505,2.0779169
58551,"Grindstone 100","Grindstone 100","Swoope","United States","2019-10-04","00:00:00","solo",159.6,6980,-6980,15,300,38.1581851,-79.2064223
46687,"MesaStila 100","170 Km","Magelang","Indonesia","2019-10-04","17:00:00","solo",167.9,9590,-9590,11,0,-7.4797342,110.2176941
45167,"SLO100","SLO100 KRPAN 171 km","Cerknica","Slovenia","2019-10-04","15:00:00","solo",173.5,7790,-7790,11,150,45.7966255,14.392177
46701,"Ultra-Trail el Rincon","UTR 170K","Castielfabib","Spain","2019-10-04","19:00:00","solo",172.1,6730,-6720,15,100,40.1309055,-1.3053578
46901,"Waterous Trail On Foot","WTF 100","Dwellingup","Australia","2019-09-28","06:00:00","solo",163,3960,-3960,7,30,-32.7144812,116.0621031
39019,"The Georgia Jewel","100 Miler","Dalton","United States","2019-09-22","05:00:00","solo",162.8,4000,-4000,18,70,34.7698021,-84.9702228
45885,"Black River Run","100 Miles","Västerås","Sweden","2019-09-21","10:00:00","solo",161.5,1030,-1030,9,200,59.6099005,16.5448092
36169,"Cotswold Way Century","102 Miles","ChippingCampden","United Kingdom","2019-09-21","12:00:00","solo",165.6,4130,-4240,10,130,52.049655,-1.7832211
47035,"Pirin Ultra","160km","Bansko","Bulgaria","2019-09-21","00:00:00","Solo",161.2,10980,-10980,9,0,41.8404241,23.485653
42289,"Whistler Alpine Meadows","100M","Whistler","Canada","2019-09-21","10:00:00","solo",174.8,10310,-10300,10,300,50.1161686,-122.9535117
38525,"Adamello Ultra-Trail®","Ultra-Trail®","Vezzad'Oglio","Italy","2019-09-20","09:00:00","solo",165,11380,-11380,19,0,46.240099,10.3987474
52425,"Karkloof100","Karkloof100","Howick","South Africa","2019-09-20","20:00:00","solo",157,3330,-3410,18,140,-29.4892951,30.2166519
47641,"Midnight Moose Ultra","160K","Chelsea","Canada","2019-09-20","08:00:00","solo",160.8,4870,-4870,11,100,45.5401738,-75.867482
40445,"Mogollon Monster 100","100 Mi","Pine","United States","2019-09-14","06:00:00","solo",164.7,5540,-5530,12,150,39.9501159,-74.5162641
51495,"Shinetsu Five Mountains Trail","100 miles","Ohzatagiri","Myoko, Japan","2019-09-14","18:30:00","solo",160.3,6570,-6390,9,0,36.8863016,138.1639313
46739,"THE GREAT NORTH WALK ULTRAs","100 MILES","Patonga","Australia","2019-09-14","06:00:00","Solo",162.5,5100,-5110,5,100,-33.549383,151.2705745
49537,"Uttarkashi 135","Uttarkashi 160","Uttarkashi","India","2019-09-13","06:00:00","solo",157.4,8270,-7820,0,20,30.7268307,78.4354042
57283,"PINE TO PALM 100 MILE ENDURANCE RUN","PINE TO PALM 100 MILE ENDURANCE RUN","Ashland","United States","2019-09-07","00:00:00","solo",155.3,5780,-6000,0,134,42.1945758,-122.7094767
42631,"Pembrokeshire Ultramarathons","100","StDogmaels","United Kingdom","2019-09-06","08:00:00","solo",163.7,4070,-4070,7,100,52.081451,-4.682966
37871,"Superior Fall Trail Race","100m","Lutsen","United States","2019-09-06","08:00:00","solo",168,5200,-5060,13,0,47.6469402,-90.6748026
45609,"DREAM TRAIL Lyskovo","160 ??","Lyskovo","Russia","2019-08-24","05:00:00","solo",159.4,1790,-1700,3,6,56.0223317,45.0422307
43567,"Habanero Hundred","100M","CatSprings","United States","2019-08-17","12:00:00","solo",161.7,2290,-2290,3,0,29.8455074,-96.3257991
41269,"Leadville Trail 100 Run","Leadville Trial 100 Run","Leadville","United States","2019-08-17","00:00:00","solo",162.1,4230,-4230,13,0,39.2508229,-106.2925238
41443,"Kodiak Ultra Marathons","Kodiak 100 Mile","BigBearLake","United States","2019-08-16","18:00:00","solo",164.7,5320,-5320,14,125,34.2438963,-116.9114215
52109,"Lean Horse 100","LEAN HORSE HUNDRED","Custer","United States","2019-08-15","00:00:00","solo",0,0,0,0,0,43.7666507,-103.5988057
48391,"Ute 100 Mile Trail Race","Ute 100 Mile Trail Race","OldLaSal","United States","2019-08-10","03:00:00","solo",159.5,6180,-6180,9,200,39.3209801,-111.0937311
49421,"Ouray 100 Mile Endurance Run","100 Mile","Ouray","United States","2019-08-02","08:00:00","solo",171.9,11310,-11420,15,120,38.0227716,-107.6714487
36117,"High Lonesome 100","100M","Nathrop","United States","2019-07-26","06:00:00","solo",160,6480,-6480,12,125,38.7472183,-106.0755712
45911,"Vermont 100 Endurance Race","100M","WestWindsor","United States","2019-07-20","04:00:00","solo",157.5,4830,-4840,19,350,40.2983262,-74.618634
47489,"YOU YANGS Hardcore 100Miler","100 MI","LittleRiver","Australia","2019-07-20","08:00:00","solo",169.3,4820,-4830,2,0,-37.9615653,144.4997455
51331,"Andorra Ultra Trail Vallnord","Ronda dels cims","Ordino","Andorra","2019-07-19","07:00:00","solo",0,0,0,0,0,42.5994433,1.5402327
39821,"Beacons Way Ultra","Beacons Way Ultra","abergavenny","United Kingdom","2019-07-13","06:00:00","solo",166.5,6310,-6320,10,50,51.825366,-3.019423
48055,"OSJ Ontake 100","100 Miles","Otaki","Japan","2019-07-13","20:00:00","solo",164.6,6200,-6200,6,0,35.2851872,140.2454217
35983,"Ehunmilak Ultra-Trail®","Ehunmilak Ultra-Trail®","Beasain","Spain","2019-07-12","18:00:00","solo",172,10210,-10210,15,515,43.0447714,-2.1996575
36267,"Grand Trail Stevenson","GTS 162 km","Saint-Etienne-Vallée-Française","France","2019-07-12","06:00:00","solo",161.2,5210,-5380,5,0,44.1674099,3.84198
38947,"100 MILLAS UTACCH AMANECER COMECHINGON","100 MILLAS UTACCH","VillaYacantodeCalamuchita","Argentina","2019-07-06","12:00:00","solo",158.8,5449,-5450,15,50,-32.1057442,-64.7540869
39985,"Sinister 7 Ultra","Solo","Blairmore","Canada","2019-07-06","07:00:00","solo",160.7,5730,-5740,15,1600,49.6102662,-114.4511912
43675,"Pen Llyn Ultra 100","Pen Llyn Ultra 100","Pwllheli","United Kingdom","2019-06-29","05:00:00","solo",162.7,3220,-3180,7,100,52.888816,-4.4176339
44333,"#Småland100","#Småland100","Oskarshamn","Sweden","2019-06-28","18:00:00","solo",163.1,4040,-4040,7,50,57.2656993,16.4473984
49189,"Ultra Trail Pululahua Ecuador","Ultra Trail Pululahua Ecuador","QUITO","Ecuador","2019-06-28","17:00:00","solo",172.1,11250,-10810,22,30,-0.1806532,-78.4678382
49089,"XTRAIL Kanas Trail Run","168km","Kanas","China","2019-06-27","09:00:00","solo",168.6,5870,-5790,12,300,48.8170057,87.0429996
40727,"Old Cascadia","100 Mile","BlueRiver","United States","2019-06-22","06:00:00","solo",165.7,8120,-8110,14,100,43.1883183,-90.5667926
45639,"Penang Eco 100","100 miles","BukitMertajam","Malaysia","2019-06-22","03:00:00","solo",167.3,4230,-4190,15,80,5.365458,100.4590091
41865,"Pennine Barrier","Pennine Barrier Ultra 100","malham","United Kingdom","2019-06-22","06:00:00","solo",158.5,4560,-4560,10,100,54.0613371,-2.1530391
48737,"West Highland Way Race","150km","Milngavie","United Kingdom","2019-06-22","01:00:00","solo",155,3640,-3680,8,238,55.943304,-4.316987
42693,"ULTRA01 by XT","ULTRA 01XT","OYONNAX","France","2019-06-21","18:00:00","solo",165.1,6060,-6060,7,0,46.257773,5.655335
49781,"Bighorn Trail Run","100M","Sheridan","United States","2019-06-14","11:00:00","solo",167.3,6740,-6800,7,360,44.7971939,-106.9561791
35719,"Centurion South Downs Way 100","Centurion South Downs Way 100","Worthing","United Kingdom","2019-06-08","06:00:00","solo",156.9,3340,-3400,14,300,50.81787,-0.372882
44903,"Laulasmaa Ultra","Laulasmaa Ultra 8 loops","Laulasmaa","Estonia","2019-06-08","10:00:00","solo",167.9,1870,-1870,56,0,59.3806423,24.2377208
36431,"Trail des Volcans","157 km","Murat-le-Quaire","France","2019-06-08","06:30:00","solo",156.2,6320,-6570,7,0,45.5985129,2.734441
41919,"SAN DIEGO 100","San Diego 100","Oceanside","United States","2019-06-07","06:00:00","solo",161.3,3950,-3950,15,300,40.6387141,-73.6401296
41449,"Kettle Moraine 100","100 Mile","LaGrange","United States","2019-06-01","06:00:00","solo",161,2650,-2650,27,400,33.0362218,-85.0322444
45199,"Chicamocha Canyon Race","CCR 100 millas","SanGil","Colombia","2019-05-31","06:00:00","solo",162.4,7210,-7210,11,80,6.554824,-73.13412
41131,"Scout Mountain Ultras","162K","Pocatello","United States","2019-05-31","12:00:00","solo",162,6470,-6470,11,300,42.8621042,-112.4506191
46363,"The Trail Challenge Rincón de la Vieja","160km","Liberia","Costa Rica","2019-05-25","04:30:00","solo",163.7,3370,-3360,15,50,10.6345964,-85.4406747
44563,"Hardcore Hundred Miles Trail Ultramarathon","Hardcore Hundred Miles","Kayapa","Philippines","2019-05-16","23:00:00","solo",167.1,9480,-9500,11,100,16.4932638,120.9417368
48603,"Trainic-World in Sainokuni","100mile","Ogose","Japan","2019-05-11","07:00:00","solo",163.2,9050,-9020,16,200,35.96452,139.2942103
41499,"UTVV SLOVENIA","UTVV 100 miles","Vipava","Slovenia","2019-05-11","18:00:00","solo",160.6,6850,-6840,14,400,45.8455744,13.9625431
41585,"Ultra-Trail Snowdonia - UTS-50/100","UTS-100","CapelCurig","United Kingdom","2019-05-10","13:00:00","solo",170.9,10140,-10140,16,100,53.1061519,-3.9123601
45873,"Ben Hockings","Hubert 100 Miles","ClarenceGardens","Australia","2019-05-04","10:00:00","solo",157.8,2630,-2630,9,110,-34.9716687,138.57778
41399,"Tuscany Crossing","160 km","Castiglioned'Orcia(SI)","Italy","2019-04-26","18:00:00","Solo",160.9,5590,-5570,13,200,43.0057936,11.6161275
33939,"Mustang Trail Race","Mustang Trail Race","Kathmandu","Nepal","2019-04-16","08:00:00","solo",169,10010,-9310,8,36,27.7172453,85.3239605
35721,"100 Miles Of Istria","RED","Umag","Croatia","2019-04-12","16:00:00","Solo",169.6,6360,-6640,12,600,45.4372062,13.5257205
44131,"Hellbender 100 Mile","Hellbender 100 Mile","OldFort","United States","2019-04-12","04:30:00","solo",158,7470,-7440,11,125,35.6290093,-82.1806697
46567,"Ultra Beast","Ultra Beast  161Km","POKARAN","India","2019-04-06","06:00:00","solo",162.3,3430,-3430,9,30,26.9205411,71.9165463
36539,"Badger Mountain Challenge","100 Mile","Kennewick","United States","2019-03-29","07:00:00","solo",158.6,4450,-4430,18,70,46.2086683,-119.119948
44003,"Ultra Trail Huang Shan","170 Km","Huangshan","China","2019-03-15","07:30:00","solo",171.8,9490,-9480,14,200,29.714699,118.337521
35385,"Epic Camí de Cavalls 360º","TrailRun e3/t2","EsMercadal","Spain","2019-03-08","08:30:00","team",155,3800,-3580,11,220,39.9873778,4.0938256
35113,"Mad Fox Ultra","Ultra Valhalla Race","RostovtheGreat","Russia","2019-02-02","16:00:00","solo",159.9,1680,-1680,10,0,57.195623,39.4131527
56951,"Long haul","100M","WesleyChapel","FL, United States","2019-01-19","00:00:00","solo",0,0,0,0,0,28.1983135,-82.3304509
41573,"Rialp Matxicots","MARATÓ","RIALP","Spain","2019-09-14","06:30:00","solo",48.3,3950,-3980,7,300,42.4429196,1.1347024
40653,"Ultra-Trail® Tai Mo Shan","UTMT","NT","Hong Kong, China","2019-01-05","08:00:00","solo",155.2,7640,-7620,12,100,22.3704243,114.1234149
41235,"Ultra Tuffman Desert Championship - Jaisalmer","160 KMS","Jaisalmer","India","2018-12-21","05:00:00","solo",0,0,0,42,0,26.9157487,70.9083443
36241,"The Hitchcock Experience","100 Mile","HoneyCreek","United States","2018-12-08","11:00:00","solo",161.4,5050,-5050,21,75,40.0339345,-85.4855298
34709,"Wicklow Way 50 Miles","100 Miles","Wicklow","Ireland","2018-12-07","14:00:00","solo",160.7,5750,-5750,4,50,52.9808207,-6.044589
33853,"Gede Pangrango 100","150KM","Cibodas","Indonesia","2018-11-30","05:30:00","solo",164,14430,-14440,3,4,-6.7412791,107.0076085
42299,"Louceni","173 km","UstinadLabem","Czech Republic","2018-11-23","05:30:00","solo",172.3,6400,-6560,9,0,50.6611164,14.0531455
35903,"Feral Pig Ultra","Feral Pig 100 Mile","Mundaring","Australia","2018-11-03","00:00:00","solo",163.3,4070,-4200,15,30,-31.9021558,116.1682575
29783,"White Rose Ultra","100 Mile","Huddersfield","United Kingdom","2018-10-28","00:00:00","solo",165.4,4380,-4430,5,60,53.645792,-1.7850351
38501,"Jarakabande Eco Ultra","Jarakabande Eco Ultra","Bangalore","India","2018-10-27","06:00:00","solo",0,0,0,3,0,12.9715987,77.5945627
36373,"Indomit costa esmeralda ultra-trail®","100 MILLES","Gramado","Brazil","2018-10-26","07:00:00","solo",160.3,4730,-4730,12,50,-29.3745686,-50.876435
30573,"Dalmacija Ultra-Trail®","Sky Dut","Omiš","Croatia","2018-10-19","14:00:00","solo",159.3,7140,-7170,14,150,43.403752,16.80094
31481,"NERANG 200 miler","NERANG 100 miler","Nerang","Australia","2018-09-29","06:00:00","solo",161.7,5820,-5820,6,100,-27.9893655,153.3364827
30505,"WUT - Wienerwald Ultra Trail","TITAN-WUT","Purkersdorf","Austria","2018-09-29","06:30:00","solo",163.8,5360,-5380,15,50,48.2089991,16.174548
35953,"Lycian Way Ultra Marathon","LYUM XXL - 174K","İstanbul","Turkey","2018-09-28","00:00:00","solo",174.4,6070,-6390,16,0,41.0082376,28.9783589
45437,"Robin Hood 100","Robin Hood 100","Retford","United Kingdom","2018-09-15","08:00:00","solo",0,0,0,10,0,53.321356,-0.945503
23479,"Ultra Tour Monte Rosa","Ultra Tour 170 km","Grächen","Switzerland","2018-09-06","06:00:00","solo",170,10990,-10990,15,200,46.1965853,7.8397911
28097,"Velebit 100 miles","Velebit 100 miles","Zagreb","Croatia","2018-08-31","00:00:00","solo",157.5,6430,-6440,4,0,45.8150108,15.9819189
33781,"Chongli100 Ultra Sky Trail Challenge","168 Km","chongji","China","2018-08-10","18:00:00","solo",166.6,7290,-7290,12,150,44.011182,87.308224
25513,"Montreux Trail Festival","MXtrem","Savigny","Switzerland","2018-07-27","06:00:00","solo",161.9,11530,-11520,15,300,46.5383864,6.7321079
27977,"Ultra Coahuila","100M","Arteaga","Mexico","2018-06-22","14:00:00","solo",159.2,6080,-6060,12,40,25.4546718,-100.850791
28883,"X Trail Corrèze Dordogne","Trail des tours par équipes","Argentat","France","2018-09-22","09:00:00","team",48.4,2010,-2300,4,400,45.093356,1.93755
24465,"6th Elton Volgabus Ultra-Trail®","Ultimate 100 miles","Eltonvillage","Russia","2018-05-26","20:00:00","solo",163.6,250,-250,8,80,49.1279169,46.84457
34511,"Fiambala Desert Trail","ULTRA DESERT TRAIL X 5 DIAS","Fiambala","Argentina","2018-05-22","10:00:00","solo",169.6,3540,-3250,12,60,-27.68933,-67.6193274
32405,"Salomon Hammer Trail","100 Miles","allinge","Denmark","2018-05-04","10:00:00","solo",156,6000,-6620,12,500,55.2482762,14.7961808
31117,"Altra100","100 Mile","Banaue","Philippines","2018-04-27","15:00:00","solo",160.3,10380,-10900,14,35,16.9496263,121.1022942
37333,"Zumbro Endurance Run","100m","Theilman","United States","2018-04-13","08:00:00","solo",159.8,4210,-4210,22,0,44.2891334,-92.1921164
31813,"Lost Island Ultra","The Vodafone Lost Island Ultra","Nadi","Fiji","2018-04-03","06:00:00","solo",166.2,4800,-4420,14,100,-17.7765356,177.4356227
21815,"Gaoligong by UTMB","MGU","Tengchong","China","2018-03-09","20:00:00","solo",160,8400,-8417,17,400,25.020439,98.490966
25477,"Run The Rann","RTR 161 Km","Dholavira","India","2018-02-03","07:00:00","solo",160.4,2310,-2290,10,30,23.8808877,70.2140444
31717,"Croom zoom","100mi","Brooksville","FL, United States","2018-01-06","00:00:00","solo",0,0,0,0,0,28.5552719,-82.3878709
25033,"Prazska Stovka - Prague Ultra Trail","170 Km","Praha","Czech Republic","2017-12-09","00:00:00","solo",168.6,4720,-4830,8,0,50.0755381,14.4378005
27269,"Eco Madeira Ultra Marathon","Eco Madeira Ultra Marathon","CâmaradeLobos","Portugal","2017-12-01","10:00:00","solo",164.9,7130,-7130,11,25,32.7607074,-16.9594723
24249,"Ultra Tuffman Beach Championship - Goa","Goa 160k","Sernabatim","India","2017-10-27","06:00:00","solo",0,0,0,16,200,15.2690624,73.9227554
26383,"Autumn Asylum","March Extended","Rajamäki","Finland","2017-10-20","20:00:00","solo",168.2,1360,-1360,1,15,62.6411093,23.0843782
26449,"OSJ Koumi","100 Miles","KoumiTown","Japan","2017-10-08","05:00:00","solo",170.9,7720,-7720,4,0,36.0952125,138.4835593
12239,"Mountain Lakes 100","Mountain Lakes 100","OlallieLake","United States","2017-09-23","08:00:00","solo",155.9,3570,-3570,14,150,46.2890651,-121.6165423
20479,"Mark Twain Endurance Runs","100 Mile","Berryman","United States","2017-09-16","06:00:00","solo",161.8,2300,-2300,5,150,37.9189346,-91.0954143
24343,"Ultra Trail Mt. Bogda","168km","Fukang","China","2017-09-01","05:00:00","solo",161.8,8400,-8400,15,30,44.157025,87.987291
15071,"Ultra-Trail® du Mont-Albert","Grande Traversée Ultra-Trail®","Sainte-Anne-des-Monts","Canada","2017-06-30","06:00:00","solo",167.3,7340,-7170,14,150,49.122292,-66.4924319
22579,"XTRAIL 100","Xtrail Kanas 168km Trail Run","Burjin","China","2017-06-17","09:00:00","solo",165.5,5950,-5950,10,1,47.702163,86.874923
18109,"Festiwal Biegu Rzeznika","Bieg Rzeznika Ultra 160K","Cisna","Poland","2017-06-16","00:00:00","solo",159.8,5250,-5250,12,150,49.2112336,22.3285103
26699,"Sulphur Springs Trail Run","100 MILES","Ancaster","Canada","2017-05-27","00:00:00","solo",161,3220,-3220,0,0,43.2177791,-79.9872835
19105,"Cruel Jewel","Cruel Jewel 100","Blairsville","United States","2017-05-13","12:00:00","solo",174.2,8660,-8650,11,125,34.8760734,-83.9584456
15891,"Ultra Fiord","100 Miles","PuertoNatales","Chile","2017-04-06","22:00:00","solo",166.3,5400,-5480,14,150,-51.7308935,-72.4977407
16689,"Arctic Ultra","100 Miles","Arvika","Sweden","2017-02-18","07:00:00","solo",159.6,2780,-2780,14,0,59.6548534,12.592136
18833,"Brazil 135+ Ultramarathon","Maratona 4","SãoJoãodaBoaVista","Brazil","2017-01-12","08:00:00","solo",166.9,4940,-4800,0,50,-23.009409,-43.290634
15809,"Desafio Extremo Estrada Real 100 Milhas De Sabarabuçu","160 Km","Caete","Brazil","2016-11-05","07:30:00","solo",159.3,4750,-4490,7,100,-19.8852672,-43.664447
11239,"St Oswald's Ultra","100 Mile","Chollerford","United Kingdom","2016-09-24","00:00:00","solo",164.4,2160,-2200,13,0,55.029414,-2.13055
10900,"Angeles Crest 100 Mile Endurance Run","Angeles Crest 100 Mile Endurance Run","Arcadia","United States","2016-08-06","05:00:00","solo",160.8,6350,-7770,15,270,34.1397292,-118.0353449
11549,"SALOMON ALPEN X 100 Powered By LED LENSER","100 Miles","Seefeld","Austria","2016-08-05","22:00:00","solo",163.9,10230,-10860,11,0,47.3300017,11.1877742
11465,"Borås Ultra Marathon","BUM 100 Miles","Borås","Sweden","2016-05-27","18:00:00","solo",158.8,3100,-3180,10,30,57.721035,12.939819
13799,"The Himalayan Crossing and The Spiti","The Spiti","Kaza","India","2016-05-27","00:00:00","solo",171.6,4970,-4670,6,0,32.2275991,78.0709903
11200,"Ultra Desafio Passa Quatro - MG","160 Km","PASSAQUATRO","Brazil","2016-02-26","22:00:00","solo",158.4,5440,-5420,10,200,-22.3829371,-44.9666211
10153,"MAGREDI MOUNTAIN TRAIL","MAGREDI MOUNTAIN TRAIL 100 MI (MMT 100 MILE)","Fontanafredda","Italy","2015-10-02","18:00:00","solo",160.5,7218,-7203,16,200,45.9747129,12.56818
8866,"L'Infernal Trail Des Vosges","160 Km","SaintNabord","France","2015-09-12","00:00:00","solo",171.6,6560,-6560,10,0,48.047208,6.578315
12605,"LOST SOUL ULTRAMARATHON","LOST SOUL ULTRA 100 MILES","Lethbridge","Canada","2015-09-11","08:00:00","solo",161.1,5535,-5535,6,0,49.6955856,-112.8451364
10148,"THE GREAT NASEBY WATER RACE","THE GREAT NASEBY WATER RACE - 160KM","Dunedin","New Zealand","2015-08-28","12:00:00","solo",162.7,2350,-2350,31,50,-45.8795455,170.5005957
10170,"Rampage The Roots","Ghosts Of Yellowstone 100M","Pony","United States","2015-08-21","06:00:00","solo",166,7130,-7120,15,100,38.147012,-84.5161
10297,"Trail Karpatia","Trail Karpatia","Volovets","Ukraine","2015-05-30","11:00:00","solo",164.7,8860,-8860,5,80,48.7114913,23.1850055
8484,"WEST HIGHLAND WAY CHALLENGE RACE","WEST HIGHLAND WAY CHALLENGE RACE","Doune","United Kingdom","2015-05-30","00:00:00","solo",155.3,4060,-4110,7,0,56.191486,-4.055376
9882,"Monument Valley","100 Mile","MonumentValley","United States","2015-03-13","00:00:00","solo",161,2400,-2400,13,0,36.9913715,-110.1938672
7484,"Le TREG® Ennedi Trail","LE TREG®","Fada","Chad","2015-02-06","00:00:00","solo",175,2250,-2200,8,0,17.1946775,21.5819996
6919,"Ultima Frontera Trail","ULTIMA FRONTERA 166","Loja","Spain","2014-10-18","00:00:00","solo",168.2,4600,-4600,0,0,37.1661897,-4.149075
8268,"Peak2Peak Ultra","168 Km","Singapore","Singapore","2014-08-02","00:00:00","team",168,6406,-6420,1,0,1.352083,103.819836
7060,"Thy Ultra Trail","THY ULTRA-TRAIL 100 MILES","Snedsted","Denmark","2014-06-07","00:00:00","solo",163,600,-600,0,0,56.892579,8.525657
6227,"Le Grand Raid 6666","Grand Raid 6666","Roquebrun","France","2014-05-30","00:00:00","solo",164.8,9849,-9954,0,0,43.500577,3.0299839
5839,"OSJ Yatsugatake Super Trail","100 Miles","628-3TOKIWAKAMAKURA","Japan","2013-09-07","00:00:00","solo",160,6400,-6400,0,0,35.3218167,139.5274925
6102,"Salomon Xreid Hardangervidda","Salomon Xreid Hardangervidda","Asker","Norway","2013-07-12","00:00:00","solo",155.7,4800,-4800,0,0,59.7511875,10.4284602
